{
    "scoreLabels": [
        "Laplacian Score", 
        "MCFS", 
        "NDFS", 
        "SPEC", 
        "UDFS"
    ], 
    "featureLabels": [
        "sepal length", 
        "sepal width", 
        "petal length", 
        "petal width"
    ], 
    "values": [
        [
            0.7919581879597275, 
            0.0, 
            0.8522800950328233, 
            0.6175345857706571, 
            0.42857142857142855
        ], 
        [
            0.0, 
            0.40284363730082046, 
            0.5186246577860155, 
            0.0, 
            0.0
        ], 
        [
            1.0, 
            0.15507699899497907, 
            1.0, 
            1.0, 
            1.0
        ], 
        [
            0.8516680631683649, 
            1.0, 
            0.0, 
            0.8704369346064189, 
            0.2857142857142857
        ]
    ], 
    "json": [
        {
            "name": "sepal length", 
            "MCFS": 0.017228700640656538, 
            "UDFS": 1.0, 
            "NDFS": 0.007923059360997558, 
            "SPEC": 0.17670362126265166, 
            "Laplacian Score": 0.029124317518499088
        }, 
        {
            "name": "sepal width", 
            "MCFS": 0.04231683203833154, 
            "UDFS": 0.9999999999999997, 
            "NDFS": 0.014546982985495222, 
            "SPEC": 0.4088077253382952, 
            "Laplacian Score": 0.11555980850346015
        }, 
        {
            "name": "petal length", 
            "MCFS": 0.02688652260257542, 
            "UDFS": 1.0000000000000004, 
            "NDFS": 0.0049904370833727596, 
            "SPEC": 0.03295168516851683, 
            "Laplacian Score": 0.006418325658716251
        }, 
        {
            "name": "petal width", 
            "MCFS": 0.07950629193084893, 
            "UDFS": 0.9999999999999999, 
            "NDFS": 0.024843024168887243, 
            "SPEC": 0.08164874587960626, 
            "Laplacian Score": 0.022607493197753792
        }
    ], 
    "title": ""
}